cluster,fixed acidity,volatile acidity,citric acid,residual sugar,chlorides,free sulfur dioxide,total sulfur dioxide,density,pH,sulphates,alcohol
0,0.09541629982397218,0.0021998030456099288,1.1815526621577759,-0.38987216292025156,5.7847597308005225,-0.049515600348461176,0.5103296008903281,0.18007183317720982,-1.7357915428609145,3.663412185067838,-0.8697312596796974
1,-0.06033167620608274,0.049613385121129845,0.10719479061510802,0.48032747946709486,0.024217097806577288,1.1110014888853181,1.3605325524617389,0.3866133106362796,-0.15459210537528809,-0.17051894478444043,-0.56366865505383
2,-0.6939054033670907,-0.4519316303468931,-0.1481985897051431,-0.26982290957221106,-0.41251028588608235,0.16598202953060456,-0.20925182421287256,-1.2238116481084158,0.6369770608751154,0.13197671231867628,1.2479408107687486
3,1.3241545062893254,-0.6716060828727207,1.125388708837631,0.13975678069956018,-0.009516881783076246,-0.545927554074816,-0.5304437963263806,0.7642693293773728,-0.8406597922581723,0.35772495617516953,0.18268621404468813
4,-0.4716364607285277,0.6802716135733217,-0.803132046832869,-0.21404322409095428,-0.0686624212814381,-0.39737654720592963,-0.37554542416598147,-0.06860380406552613,0.3905985082034381,-0.39938264532826817,-0.4434083776487355
