cluster,fixed acidity,volatile acidity,citric acid,residual sugar,chlorides,free sulfur dioxide,total sulfur dioxide,density,pH,sulphates,alcohol
0,8.485714285714286,0.5282142857142857,0.5010714285714286,1.9892857142857143,0.35964285714285715,15.357142857142858,63.25,0.9970864285714286,3.043214285714286,1.2789285714285714,9.496428571428572
1,8.214626865671642,0.5367014925373135,0.2918507462686567,3.2158208955223886,0.08860597014925373,27.492537313432834,91.20895522388057,0.9974761194029851,3.2872537313432835,0.6292537313432836,9.822487562189055
2,7.111858974358975,0.4469230769230769,0.24211538461538462,2.15849358974359,0.06805769230769229,17.610576923076923,39.58653846153847,0.9944376602564102,3.409423076923077,0.6805128205128206,11.752457264957265
3,10.624396782841824,0.40760053619302944,0.4901340482573727,2.7357908847184986,0.08701876675603216,10.166219839142084,29.024128686327057,0.9981886595174263,3.181367292225201,0.7187667560321715,10.617605004468276
4,7.498729582577132,0.6495916515426499,0.114573502722323,2.2371143375680584,0.08423593466424682,11.719600725952816,34.11796733212342,0.9966172413793103,3.3713974591651543,0.5904718693284937,9.950604960677557
