k,inertia,silhouette,davies_bouldin,calinski_harabasz
3,12629.974591732647,0.18920406811177048,1.7672646013879965,313.32622619745604
4,11294.210161256258,0.20537843593541308,1.5053116956439474,296.32261868233496
5,10155.374026344623,0.1902699335939746,1.4613505447296267,291.69776936004524
6,9361.278046458829,0.19424681177640024,1.3970212700773106,280.02076227079056
7,8645.47168931306,0.19255293227423445,1.4009886926769732,274.48082229786957
8,8304.824691175832,0.15090876421506955,1.5390442106145903,254.08849615597697
